iteration,23,88,530,group_sat,group_dis
1,0.8594895506858088,0.8710620336766988,0.8022925230298126,0.8442813691307732,0.06876951064688619
2,0.8312141846876318,0.8522800153385213,0.780560531798027,0.8213515772747266,0.07171948354049429
3,0.798974429540876,0.8643174936681802,0.7659060322171682,0.8097326518087415,0.09841146145101198
4,0.7788872439485466,0.8572204733901714,0.7630145482701491,0.7997074218696224,0.09420592512002224
5,0.7775641704676286,0.8439339494215888,0.7479653081267617,0.7898211426719931,0.09596864129482718
